filename,width,height,class,xmin,ymin,xmax,ymax
qtb_0.jpg,700,700,stamp8,551,341,579,372
qtb_0.jpg,700,700,stamp7,197,148,246,195
qtb_0.jpg,700,700,stamp6,51,539,148,636
qtb_0.jpg,700,700,stamp5,376,153,476,253
qtb_0.jpg,700,700,stamp4,379,453,438,512
qtb_0.jpg,700,700,stamp3,138,576,207,645
qtb_0.jpg,700,700,stamp2,1,506,83,588
qtb_0.jpg,700,700,stamp12,109,360,171,422
qtb_0.jpg,700,700,stamp11,503,525,599,616
qtb_0.jpg,700,700,stamp10,304,193,342,235
qtb_0.jpg,700,700,stamp1,124,312,209,396
qtb_1.jpg,700,700,stamp8,47,149,113,210
qtb_1.jpg,700,700,stamp7,422,109,505,182
qtb_1.jpg,700,700,stamp6,574,172,616,215
qtb_1.jpg,700,700,stamp5,505,471,553,519
qtb_1.jpg,700,700,stamp4,122,138,165,181
qtb_1.jpg,700,700,stamp3,564,241,663,340
qtb_1.jpg,700,700,stamp2,89,47,180,138
qtb_1.jpg,700,700,stamp12,251,284,355,388
qtb_1.jpg,700,700,stamp11,131,194,223,287
qtb_1.jpg,700,700,stamp10,177,328,245,400
qtb_1.jpg,700,700,stamp1,611,344,659,394
qtb_2.jpg,700,700,stamp8,399,529,465,595
qtb_2.jpg,700,700,stamp7,372,228,455,320
qtb_2.jpg,700,700,stamp6,354,58,425,130
qtb_2.jpg,700,700,stamp5,34,293,93,352
qtb_2.jpg,700,700,stamp4,426,465,490,530
qtb_2.jpg,700,700,stamp3,243,421,270,448
qtb_2.jpg,700,700,stamp2,411,17,481,88
qtb_2.jpg,700,700,stamp12,271,368,341,438
qtb_2.jpg,700,700,stamp11,430,69,523,165
qtb_2.jpg,700,700,stamp10,425,93,494,155
qtb_2.jpg,700,700,stamp1,368,210,449,285
qtb_3.jpg,700,700,stamp8,303,47,360,111
qtb_3.jpg,700,700,stamp7,450,286,488,325
qtb_3.jpg,700,700,stamp6,552,294,631,374
qtb_3.jpg,700,700,stamp5,9,130,46,167
qtb_3.jpg,700,700,stamp4,351,144,382,176
qtb_3.jpg,700,700,stamp3,95,435,167,507
qtb_3.jpg,700,700,stamp2,263,80,313,130
qtb_3.jpg,700,700,stamp12,305,229,347,270
qtb_3.jpg,700,700,stamp11,419,306,510,390
qtb_3.jpg,700,700,stamp10,198,455,305,564
qtb_3.jpg,700,700,stamp1,243,53,289,101
qtb_4.jpg,700,700,stamp8,476,34,511,66
qtb_4.jpg,700,700,stamp7,267,417,320,477
qtb_4.jpg,700,700,stamp6,300,113,396,209
qtb_4.jpg,700,700,stamp5,559,216,615,272
qtb_4.jpg,700,700,stamp4,507,47,544,83
qtb_4.jpg,700,700,stamp3,204,608,243,647
qtb_4.jpg,700,700,stamp2,249,488,294,532
qtb_4.jpg,700,700,stamp12,281,467,361,546
qtb_4.jpg,700,700,stamp11,582,35,672,116
qtb_4.jpg,700,700,stamp10,388,489,431,536
qtb_4.jpg,700,700,stamp1,411,255,493,341
qtb_5.jpg,700,700,stamp8,53,16,113,77
qtb_5.jpg,700,700,stamp7,476,586,535,641
qtb_5.jpg,700,700,stamp6,189,462,258,531
qtb_5.jpg,700,700,stamp5,140,109,185,154
qtb_5.jpg,700,700,stamp4,583,423,675,515
qtb_5.jpg,700,700,stamp3,110,41,177,108
qtb_5.jpg,700,700,stamp2,391,435,466,511
qtb_5.jpg,700,700,stamp12,367,212,433,278
qtb_5.jpg,700,700,stamp11,267,214,357,297
qtb_5.jpg,700,700,stamp10,492,572,545,624
qtb_5.jpg,700,700,stamp1,125,442,170,486
qtb_6.jpg,700,700,stamp8,525,143,569,187
qtb_6.jpg,700,700,stamp7,348,305,416,371
qtb_6.jpg,700,700,stamp6,154,629,187,662
qtb_6.jpg,700,700,stamp5,340,323,411,394
qtb_6.jpg,700,700,stamp4,94,488,180,573
qtb_6.jpg,700,700,stamp3,592,54,639,102
qtb_6.jpg,700,700,stamp2,142,154,201,215
qtb_6.jpg,700,700,stamp12,418,387,466,434
qtb_6.jpg,700,700,stamp11,270,85,346,165
qtb_6.jpg,700,700,stamp10,42,69,133,155
qtb_6.jpg,700,700,stamp1,333,582,382,628
qtb_7.jpg,700,700,stamp8,79,362,170,454
qtb_7.jpg,700,700,stamp7,422,616,456,655
qtb_7.jpg,700,700,stamp6,512,137,574,200
qtb_7.jpg,700,700,stamp5,461,285,550,373
qtb_7.jpg,700,700,stamp4,361,312,454,405
qtb_7.jpg,700,700,stamp3,146,488,182,524
qtb_7.jpg,700,700,stamp2,362,147,409,194
qtb_7.jpg,700,700,stamp12,544,247,609,313
qtb_7.jpg,700,700,stamp11,437,341,524,428
qtb_7.jpg,700,700,stamp10,88,32,139,80
qtb_7.jpg,700,700,stamp1,6,117,54,167
qtb_8.jpg,700,700,stamp8,334,92,412,179
qtb_8.jpg,700,700,stamp7,432,74,473,114
qtb_8.jpg,700,700,stamp6,104,534,171,602
qtb_8.jpg,700,700,stamp5,251,446,287,482
qtb_8.jpg,700,700,stamp4,154,289,233,368
qtb_8.jpg,700,700,stamp3,529,94,608,173
qtb_8.jpg,700,700,stamp2,526,165,582,221
qtb_8.jpg,700,700,stamp12,544,606,624,686
qtb_8.jpg,700,700,stamp11,484,538,534,585
qtb_8.jpg,700,700,stamp10,25,488,71,536
qtb_8.jpg,700,700,stamp1,418,524,469,574
qtb_9.jpg,700,700,stamp8,305,222,386,312
qtb_9.jpg,700,700,stamp7,271,561,351,644
qtb_9.jpg,700,700,stamp6,70,579,145,655
qtb_9.jpg,700,700,stamp5,375,442,453,520
qtb_9.jpg,700,700,stamp4,1,344,36,379
qtb_9.jpg,700,700,stamp3,252,500,296,544
qtb_9.jpg,700,700,stamp2,372,579,413,620
qtb_9.jpg,700,700,stamp12,378,185,423,231
qtb_9.jpg,700,700,stamp11,85,581,125,619
qtb_9.jpg,700,700,stamp10,578,464,646,531
qtb_9.jpg,700,700,stamp1,570,404,649,483
qtb_10.jpg,700,700,stamp8,477,71,549,149
qtb_10.jpg,700,700,stamp7,609,366,639,400
qtb_10.jpg,700,700,stamp6,311,219,397,305
qtb_10.jpg,700,700,stamp5,50,67,95,112
qtb_10.jpg,700,700,stamp4,221,16,289,84
qtb_10.jpg,700,700,stamp3,85,314,166,396
qtb_10.jpg,700,700,stamp2,83,180,140,236
qtb_10.jpg,700,700,stamp12,566,372,660,465
qtb_10.jpg,700,700,stamp11,353,157,459,265
qtb_10.jpg,700,700,stamp10,52,488,117,551
qtb_10.jpg,700,700,stamp1,11,436,93,514
qtb_11.jpg,700,700,stamp8,540,329,635,432
qtb_11.jpg,700,700,stamp7,303,72,363,141
qtb_11.jpg,700,700,stamp6,348,278,436,366
qtb_11.jpg,700,700,stamp5,76,235,158,317
qtb_11.jpg,700,700,stamp4,266,9,349,93
qtb_11.jpg,700,700,stamp3,64,331,142,409
qtb_11.jpg,700,700,stamp2,36,374,128,466
qtb_11.jpg,700,700,stamp12,476,533,539,596
qtb_11.jpg,700,700,stamp11,350,36,406,91
qtb_11.jpg,700,700,stamp10,98,330,192,418
qtb_11.jpg,700,700,stamp1,439,262,526,354
qtb_12.jpg,700,700,stamp8,223,342,272,393
qtb_12.jpg,700,700,stamp7,31,306,107,381
qtb_12.jpg,700,700,stamp6,483,417,571,505
qtb_12.jpg,700,700,stamp5,5,287,76,358
qtb_12.jpg,700,700,stamp4,70,72,155,158
qtb_12.jpg,700,700,stamp3,89,358,169,439
qtb_12.jpg,700,700,stamp2,2,616,66,681
qtb_12.jpg,700,700,stamp12,564,452,623,510
qtb_12.jpg,700,700,stamp11,198,344,278,425
qtb_12.jpg,700,700,stamp10,164,22,242,93
qtb_12.jpg,700,700,stamp1,428,572,514,655
qtb_13.jpg,700,700,stamp8,65,477,118,530
qtb_13.jpg,700,700,stamp7,153,138,221,211
qtb_13.jpg,700,700,stamp6,279,142,336,199
qtb_13.jpg,700,700,stamp5,135,369,169,403
qtb_13.jpg,700,700,stamp4,315,600,373,658
qtb_13.jpg,700,700,stamp3,131,580,219,668
qtb_13.jpg,700,700,stamp2,99,3,158,62
qtb_13.jpg,700,700,stamp12,52,240,118,306
qtb_13.jpg,700,700,stamp11,521,256,568,300
qtb_13.jpg,700,700,stamp10,538,614,600,678
qtb_13.jpg,700,700,stamp1,107,563,150,604
qtb_14.jpg,700,700,stamp8,6,596,51,639
qtb_14.jpg,700,700,stamp7,16,309,71,359
qtb_14.jpg,700,700,stamp6,646,259,686,299
qtb_14.jpg,700,700,stamp5,544,27,603,86
qtb_14.jpg,700,700,stamp4,260,104,345,189
qtb_14.jpg,700,700,stamp3,9,278,96,365
qtb_14.jpg,700,700,stamp2,472,222,518,269
qtb_14.jpg,700,700,stamp12,361,555,425,619
qtb_14.jpg,700,700,stamp11,152,415,193,459
qtb_14.jpg,700,700,stamp10,20,324,62,368
qtb_14.jpg,700,700,stamp1,342,521,382,562
qtb_15.jpg,700,700,stamp8,67,365,154,450
qtb_15.jpg,700,700,stamp7,482,481,550,547
qtb_15.jpg,700,700,stamp6,20,176,121,276
qtb_15.jpg,700,700,stamp5,32,525,83,576
qtb_15.jpg,700,700,stamp4,398,392,446,439
qtb_15.jpg,700,700,stamp3,382,236,454,308
qtb_15.jpg,700,700,stamp2,533,154,614,235
qtb_15.jpg,700,700,stamp12,125,46,197,117
qtb_15.jpg,700,700,stamp11,571,201,664,291
qtb_15.jpg,700,700,stamp10,466,372,511,419
qtb_15.jpg,700,700,stamp1,89,302,176,387
qtb_16.jpg,700,700,stamp8,304,450,384,522
qtb_16.jpg,700,700,stamp7,394,211,491,300
qtb_16.jpg,700,700,stamp6,265,405,327,466
qtb_16.jpg,700,700,stamp5,45,134,85,173
qtb_16.jpg,700,700,stamp4,164,146,241,224
qtb_16.jpg,700,700,stamp3,195,534,294,634
qtb_16.jpg,700,700,stamp2,369,397,444,471
qtb_16.jpg,700,700,stamp12,407,303,478,374
qtb_16.jpg,700,700,stamp11,346,632,392,673
qtb_16.jpg,700,700,stamp10,567,496,638,562
qtb_16.jpg,700,700,stamp1,502,339,554,395
qtb_17.jpg,700,700,stamp8,24,62,59,101
qtb_17.jpg,700,700,stamp7,283,30,339,81
qtb_17.jpg,700,700,stamp6,308,279,362,333
qtb_17.jpg,700,700,stamp5,427,447,535,554
qtb_17.jpg,700,700,stamp4,109,463,157,510
qtb_17.jpg,700,700,stamp3,347,456,399,509
qtb_17.jpg,700,700,stamp2,78,402,145,468
qtb_17.jpg,700,700,stamp12,97,92,177,172
qtb_17.jpg,700,700,stamp11,383,515,426,558
qtb_17.jpg,700,700,stamp10,245,345,339,431
qtb_17.jpg,700,700,stamp1,429,342,488,399
qtb_18.jpg,700,700,stamp8,220,348,265,394
qtb_18.jpg,700,700,stamp7,240,582,276,615
qtb_18.jpg,700,700,stamp6,197,365,280,448
qtb_18.jpg,700,700,stamp5,281,159,323,201
qtb_18.jpg,700,700,stamp4,631,622,669,660
qtb_18.jpg,700,700,stamp3,46,285,86,326
qtb_18.jpg,700,700,stamp2,280,448,354,522
qtb_18.jpg,700,700,stamp12,270,326,367,424
qtb_18.jpg,700,700,stamp11,208,498,265,557
qtb_18.jpg,700,700,stamp10,207,305,267,372
qtb_18.jpg,700,700,stamp1,605,595,650,643
qtb_19.jpg,700,700,stamp8,397,19,447,66
qtb_19.jpg,700,700,stamp7,402,573,505,671
qtb_19.jpg,700,700,stamp6,54,216,108,271
qtb_19.jpg,700,700,stamp5,389,264,475,350
qtb_19.jpg,700,700,stamp4,14,271,106,363
qtb_19.jpg,700,700,stamp3,515,513,558,556
qtb_19.jpg,700,700,stamp2,201,621,249,669
qtb_19.jpg,700,700,stamp12,101,210,161,271
qtb_19.jpg,700,700,stamp11,415,313,467,361
qtb_19.jpg,700,700,stamp10,267,471,310,516
qtb_19.jpg,700,700,stamp1,26,617,83,678
qtb_20.jpg,700,700,stamp8,607,488,688,573
qtb_20.jpg,700,700,stamp7,87,140,166,215
qtb_20.jpg,700,700,stamp6,381,227,418,264
qtb_20.jpg,700,700,stamp5,60,205,109,253
qtb_20.jpg,700,700,stamp4,514,131,593,210
qtb_20.jpg,700,700,stamp3,361,15,432,86
qtb_20.jpg,700,700,stamp2,143,373,211,442
qtb_20.jpg,700,700,stamp12,108,43,210,145
qtb_20.jpg,700,700,stamp11,81,288,152,362
qtb_20.jpg,700,700,stamp10,45,54,93,100
qtb_20.jpg,700,700,stamp1,8,455,104,548
qtb_21.jpg,700,700,stamp8,430,211,495,271
qtb_21.jpg,700,700,stamp7,409,555,485,632
qtb_21.jpg,700,700,stamp6,225,84,256,115
qtb_21.jpg,700,700,stamp5,582,99,639,157
qtb_21.jpg,700,700,stamp4,316,617,392,693
qtb_21.jpg,700,700,stamp3,151,300,192,341
qtb_21.jpg,700,700,stamp2,224,630,274,682
qtb_21.jpg,700,700,stamp12,519,241,589,311
qtb_21.jpg,700,700,stamp11,413,345,451,386
qtb_21.jpg,700,700,stamp10,84,239,129,287
qtb_21.jpg,700,700,stamp1,400,352,480,431
qtb_22.jpg,700,700,stamp8,285,374,371,455
qtb_22.jpg,700,700,stamp7,354,24,402,71
qtb_22.jpg,700,700,stamp6,137,230,211,304
qtb_22.jpg,700,700,stamp5,220,536,300,616
qtb_22.jpg,700,700,stamp4,436,589,506,659
qtb_22.jpg,700,700,stamp3,5,242,96,332
qtb_22.jpg,700,700,stamp2,454,246,485,277
qtb_22.jpg,700,700,stamp12,576,336,617,377
qtb_22.jpg,700,700,stamp11,376,74,458,165
qtb_22.jpg,700,700,stamp10,103,368,143,414
qtb_22.jpg,700,700,stamp1,478,46,538,110
qtb_23.jpg,700,700,stamp8,635,312,678,351
qtb_23.jpg,700,700,stamp7,87,31,168,109
qtb_23.jpg,700,700,stamp6,182,230,258,306
qtb_23.jpg,700,700,stamp5,26,328,97,399
qtb_23.jpg,700,700,stamp4,99,461,198,560
qtb_23.jpg,700,700,stamp3,205,344,312,451
qtb_23.jpg,700,700,stamp2,257,427,347,516
qtb_23.jpg,700,700,stamp12,452,2,490,40
qtb_23.jpg,700,700,stamp11,393,172,470,255
qtb_23.jpg,700,700,stamp10,180,112,281,212
qtb_23.jpg,700,700,stamp1,576,91,636,155
qtb_24.jpg,700,700,stamp8,146,353,234,449
qtb_24.jpg,700,700,stamp7,404,464,470,522
qtb_24.jpg,700,700,stamp6,186,452,229,495
qtb_24.jpg,700,700,stamp5,383,175,450,242
qtb_24.jpg,700,700,stamp4,444,186,485,228
qtb_24.jpg,700,700,stamp3,49,14,129,93
qtb_24.jpg,700,700,stamp2,426,275,518,367
qtb_24.jpg,700,700,stamp12,579,387,628,436
qtb_24.jpg,700,700,stamp11,594,447,648,501
qtb_24.jpg,700,700,stamp10,258,552,340,632
qtb_24.jpg,700,700,stamp1,159,88,263,191
qtb_25.jpg,700,700,stamp8,165,156,237,231
qtb_25.jpg,700,700,stamp7,467,521,554,607
qtb_25.jpg,700,700,stamp6,72,433,121,482
qtb_25.jpg,700,700,stamp5,363,447,417,501
qtb_25.jpg,700,700,stamp4,211,79,251,119
qtb_25.jpg,700,700,stamp3,1,178,69,246
qtb_25.jpg,700,700,stamp2,400,339,442,381
qtb_25.jpg,700,700,stamp12,180,401,278,499
qtb_25.jpg,700,700,stamp11,11,619,42,654
qtb_25.jpg,700,700,stamp10,282,37,368,115
qtb_25.jpg,700,700,stamp1,168,118,252,201
qtb_26.jpg,700,700,stamp8,342,47,410,115
qtb_26.jpg,700,700,stamp7,449,427,552,523
qtb_26.jpg,700,700,stamp6,475,202,532,259
qtb_26.jpg,700,700,stamp5,278,542,324,589
qtb_26.jpg,700,700,stamp4,252,419,303,470
qtb_26.jpg,700,700,stamp3,134,614,201,681
qtb_26.jpg,700,700,stamp2,549,148,653,251
qtb_26.jpg,700,700,stamp12,426,71,477,123
qtb_26.jpg,700,700,stamp11,285,500,356,562
qtb_26.jpg,700,700,stamp10,264,212,327,277
qtb_26.jpg,700,700,stamp1,40,365,82,406
qtb_27.jpg,700,700,stamp8,276,436,317,475
qtb_27.jpg,700,700,stamp7,579,267,649,342
qtb_27.jpg,700,700,stamp6,173,179,225,230
qtb_27.jpg,700,700,stamp5,289,66,349,126
qtb_27.jpg,700,700,stamp4,539,137,579,177
qtb_27.jpg,700,700,stamp3,369,195,447,274
qtb_27.jpg,700,700,stamp2,450,151,537,239
qtb_27.jpg,700,700,stamp12,373,205,407,240
qtb_27.jpg,700,700,stamp11,451,271,522,344
qtb_27.jpg,700,700,stamp10,355,473,414,541
qtb_27.jpg,700,700,stamp1,618,276,650,310
qtb_28.jpg,700,700,stamp8,224,348,279,405
qtb_28.jpg,700,700,stamp7,12,8,56,50
qtb_28.jpg,700,700,stamp6,12,648,50,685
qtb_28.jpg,700,700,stamp5,277,10,359,92
qtb_28.jpg,700,700,stamp4,81,380,127,426
qtb_28.jpg,700,700,stamp3,94,116,175,196
qtb_28.jpg,700,700,stamp2,426,264,533,370
qtb_28.jpg,700,700,stamp12,190,74,251,135
qtb_28.jpg,700,700,stamp11,521,396,586,455
qtb_28.jpg,700,700,stamp10,277,150,326,195
qtb_28.jpg,700,700,stamp1,166,354,249,434
qtb_29.jpg,700,700,stamp8,529,24,572,69
qtb_29.jpg,700,700,stamp7,586,332,642,382
qtb_29.jpg,700,700,stamp6,416,42,496,122
qtb_29.jpg,700,700,stamp5,189,173,230,215
qtb_29.jpg,700,700,stamp4,317,234,369,287
qtb_29.jpg,700,700,stamp3,174,346,237,409
qtb_29.jpg,700,700,stamp2,308,77,352,122
qtb_29.jpg,700,700,stamp12,614,49,696,130
qtb_29.jpg,700,700,stamp11,607,192,681,277
qtb_29.jpg,700,700,stamp10,140,63,179,99
qtb_29.jpg,700,700,stamp1,393,529,459,595
qtb_30.jpg,700,700,stamp8,120,149,161,194
qtb_30.jpg,700,700,stamp7,285,606,341,657
qtb_30.jpg,700,700,stamp6,252,273,346,367
qtb_30.jpg,700,700,stamp5,380,470,459,548
qtb_30.jpg,700,700,stamp4,288,26,326,64
qtb_30.jpg,700,700,stamp3,108,16,190,99
qtb_30.jpg,700,700,stamp2,273,557,331,615
qtb_30.jpg,700,700,stamp12,244,0,310,65
qtb_30.jpg,700,700,stamp11,565,191,674,303
qtb_30.jpg,700,700,stamp10,448,306,558,418
qtb_30.jpg,700,700,stamp1,216,92,275,153
qtb_31.jpg,700,700,stamp8,211,72,321,179
qtb_31.jpg,700,700,stamp7,152,480,248,582
qtb_31.jpg,700,700,stamp6,342,542,444,644
qtb_31.jpg,700,700,stamp5,298,58,348,107
qtb_31.jpg,700,700,stamp4,80,273,168,362
qtb_31.jpg,700,700,stamp3,34,333,88,387
qtb_31.jpg,700,700,stamp2,399,240,458,298
qtb_31.jpg,700,700,stamp12,400,617,435,651
qtb_31.jpg,700,700,stamp11,230,437,303,501
qtb_31.jpg,700,700,stamp10,559,79,668,188
qtb_31.jpg,700,700,stamp1,567,15,633,82
qtb_32.jpg,700,700,stamp8,488,522,564,597
qtb_32.jpg,700,700,stamp7,129,216,228,318
qtb_32.jpg,700,700,stamp6,127,551,210,634
qtb_32.jpg,700,700,stamp5,315,311,395,392
qtb_32.jpg,700,700,stamp4,374,302,436,364
qtb_32.jpg,700,700,stamp3,354,433,414,492
qtb_32.jpg,700,700,stamp2,252,466,341,554
qtb_32.jpg,700,700,stamp12,108,508,147,547
qtb_32.jpg,700,700,stamp11,610,454,686,539
qtb_32.jpg,700,700,stamp10,70,375,152,458
qtb_32.jpg,700,700,stamp1,197,392,278,475
qtb_33.jpg,700,700,stamp8,375,98,418,138
qtb_33.jpg,700,700,stamp7,458,473,504,513
qtb_33.jpg,700,700,stamp6,606,12,675,82
qtb_33.jpg,700,700,stamp5,198,571,248,621
qtb_33.jpg,700,700,stamp4,365,172,443,250
qtb_33.jpg,700,700,stamp3,230,544,303,617
qtb_33.jpg,700,700,stamp2,295,173,349,227
qtb_33.jpg,700,700,stamp12,86,546,158,619
qtb_33.jpg,700,700,stamp11,206,96,272,162
qtb_33.jpg,700,700,stamp10,190,498,248,562
qtb_33.jpg,700,700,stamp1,113,262,202,349
qtb_34.jpg,700,700,stamp8,608,296,667,359
qtb_34.jpg,700,700,stamp7,562,571,608,622
qtb_34.jpg,700,700,stamp6,414,278,499,363
qtb_34.jpg,700,700,stamp5,439,439,531,531
qtb_34.jpg,700,700,stamp4,646,505,686,545
qtb_34.jpg,700,700,stamp3,241,99,285,143
qtb_34.jpg,700,700,stamp2,356,348,409,401
qtb_34.jpg,700,700,stamp12,239,60,289,109
qtb_34.jpg,700,700,stamp11,274,547,355,632
qtb_34.jpg,700,700,stamp10,507,184,610,290
qtb_34.jpg,700,700,stamp1,470,576,522,631
qtb_35.jpg,700,700,stamp8,10,529,86,608
qtb_35.jpg,700,700,stamp7,140,20,181,58
qtb_35.jpg,700,700,stamp6,501,463,607,569
qtb_35.jpg,700,700,stamp5,106,450,147,491
qtb_35.jpg,700,700,stamp4,561,198,661,298
qtb_35.jpg,700,700,stamp3,388,257,473,341
qtb_35.jpg,700,700,stamp2,229,22,321,115
qtb_35.jpg,700,700,stamp12,288,25,373,110
qtb_35.jpg,700,700,stamp11,286,421,345,479
qtb_35.jpg,700,700,stamp10,17,347,70,402
qtb_35.jpg,700,700,stamp1,295,67,341,116
qtb_36.jpg,700,700,stamp8,584,177,620,215
qtb_36.jpg,700,700,stamp7,184,102,279,205
qtb_36.jpg,700,700,stamp6,200,155,243,198
qtb_36.jpg,700,700,stamp5,28,310,112,394
qtb_36.jpg,700,700,stamp4,204,503,273,572
qtb_36.jpg,700,700,stamp3,139,343,218,422
qtb_36.jpg,700,700,stamp2,226,585,271,629
qtb_36.jpg,700,700,stamp12,330,428,366,464
qtb_36.jpg,700,700,stamp11,293,607,379,690
qtb_36.jpg,700,700,stamp10,195,533,289,627
qtb_36.jpg,700,700,stamp1,308,156,386,230
qtb_37.jpg,700,700,stamp8,126,241,207,318
qtb_37.jpg,700,700,stamp7,573,121,627,175
qtb_37.jpg,700,700,stamp6,108,217,164,272
qtb_37.jpg,700,700,stamp5,56,123,121,188
qtb_37.jpg,700,700,stamp4,26,95,115,185
qtb_37.jpg,700,700,stamp3,550,84,612,146
qtb_37.jpg,700,700,stamp2,17,71,75,129
qtb_37.jpg,700,700,stamp12,556,326,642,412
qtb_37.jpg,700,700,stamp11,189,21,249,86
qtb_37.jpg,700,700,stamp10,517,435,579,506
qtb_37.jpg,700,700,stamp1,248,496,334,582
qtb_38.jpg,700,700,stamp8,496,213,561,284
qtb_38.jpg,700,700,stamp7,178,233,261,324
qtb_38.jpg,700,700,stamp6,285,85,377,176
qtb_38.jpg,700,700,stamp5,625,579,664,618
qtb_38.jpg,700,700,stamp4,333,584,436,687
qtb_38.jpg,700,700,stamp3,307,528,382,602
qtb_38.jpg,700,700,stamp2,556,10,599,53
qtb_38.jpg,700,700,stamp12,429,80,494,145
qtb_38.jpg,700,700,stamp11,229,552,293,615
qtb_38.jpg,700,700,stamp10,341,627,420,699
qtb_38.jpg,700,700,stamp1,338,181,434,278
qtb_39.jpg,700,700,stamp8,366,1,470,103
qtb_39.jpg,700,700,stamp7,206,326,307,423
qtb_39.jpg,700,700,stamp6,374,448,412,486
qtb_39.jpg,700,700,stamp5,619,458,648,488
qtb_39.jpg,700,700,stamp4,255,29,298,72
qtb_39.jpg,700,700,stamp3,376,25,465,114
qtb_39.jpg,700,700,stamp2,24,543,113,631
qtb_39.jpg,700,700,stamp12,210,9,294,93
qtb_39.jpg,700,700,stamp11,211,27,271,81
qtb_39.jpg,700,700,stamp10,179,6,219,46
qtb_39.jpg,700,700,stamp1,92,93,128,131
qtb_40.jpg,700,700,stamp8,306,329,370,389
qtb_40.jpg,700,700,stamp7,404,50,496,151
qtb_40.jpg,700,700,stamp6,73,322,172,420
qtb_40.jpg,700,700,stamp5,144,506,229,591
qtb_40.jpg,700,700,stamp4,350,24,448,122
qtb_40.jpg,700,700,stamp3,356,346,425,416
qtb_40.jpg,700,700,stamp2,351,305,400,354
qtb_40.jpg,700,700,stamp12,346,12,389,55
qtb_40.jpg,700,700,stamp11,488,255,522,294
qtb_40.jpg,700,700,stamp10,22,543,112,641
qtb_40.jpg,700,700,stamp1,156,226,198,265
qtb_41.jpg,700,700,stamp8,369,511,457,591
qtb_41.jpg,700,700,stamp7,33,195,124,296
qtb_41.jpg,700,700,stamp6,363,401,406,444
qtb_41.jpg,700,700,stamp5,41,561,103,623
qtb_41.jpg,700,700,stamp4,469,520,519,569
qtb_41.jpg,700,700,stamp3,577,33,630,86
qtb_41.jpg,700,700,stamp2,580,327,647,394
qtb_41.jpg,700,700,stamp12,230,389,295,454
qtb_41.jpg,700,700,stamp11,351,418,447,519
qtb_41.jpg,700,700,stamp10,600,333,638,376
qtb_41.jpg,700,700,stamp1,557,602,614,663
qtb_42.jpg,700,700,stamp8,199,467,265,536
qtb_42.jpg,700,700,stamp7,26,230,143,346
qtb_42.jpg,700,700,stamp6,141,192,245,296
qtb_42.jpg,700,700,stamp5,16,520,44,548
qtb_42.jpg,700,700,stamp4,324,3,423,102
qtb_42.jpg,700,700,stamp3,313,163,409,258
qtb_42.jpg,700,700,stamp2,66,251,123,308
qtb_42.jpg,700,700,stamp12,455,20,516,81
qtb_42.jpg,700,700,stamp11,315,557,418,666
qtb_42.jpg,700,700,stamp10,66,578,123,633
qtb_42.jpg,700,700,stamp1,248,263,324,343
qtb_43.jpg,700,700,stamp8,276,628,311,658
qtb_43.jpg,700,700,stamp7,471,616,511,660
qtb_43.jpg,700,700,stamp6,548,355,586,394
qtb_43.jpg,700,700,stamp5,36,591,99,653
qtb_43.jpg,700,700,stamp4,338,230,444,336
qtb_43.jpg,700,700,stamp3,537,70,606,139
qtb_43.jpg,700,700,stamp2,373,196,446,268
qtb_43.jpg,700,700,stamp12,254,493,337,576
qtb_43.jpg,700,700,stamp11,259,210,345,286
qtb_43.jpg,700,700,stamp10,383,328,446,393
qtb_43.jpg,700,700,stamp1,202,118,260,172
qtb_44.jpg,700,700,stamp8,142,490,202,544
qtb_44.jpg,700,700,stamp7,484,540,560,609
qtb_44.jpg,700,700,stamp6,388,242,446,300
qtb_44.jpg,700,700,stamp5,532,116,580,165
qtb_44.jpg,700,700,stamp4,201,583,294,676
qtb_44.jpg,700,700,stamp3,88,51,176,139
qtb_44.jpg,700,700,stamp2,407,462,493,548
qtb_44.jpg,700,700,stamp12,10,273,82,345
qtb_44.jpg,700,700,stamp11,152,214,227,281
qtb_44.jpg,700,700,stamp10,451,211,512,272
qtb_44.jpg,700,700,stamp1,91,411,170,493
qtb_45.jpg,700,700,stamp8,263,399,316,459
qtb_45.jpg,700,700,stamp7,155,316,237,388
qtb_45.jpg,700,700,stamp6,76,460,135,519
qtb_45.jpg,700,700,stamp5,522,182,556,216
qtb_45.jpg,700,700,stamp4,64,62,165,163
qtb_45.jpg,700,700,stamp3,244,31,299,87
qtb_45.jpg,700,700,stamp2,128,230,231,333
qtb_45.jpg,700,700,stamp12,551,189,597,234
qtb_45.jpg,700,700,stamp11,242,282,302,349
qtb_45.jpg,700,700,stamp10,503,251,591,331
qtb_45.jpg,700,700,stamp1,302,195,370,263
qtb_46.jpg,700,700,stamp8,78,106,169,194
qtb_46.jpg,700,700,stamp7,288,43,378,140
qtb_46.jpg,700,700,stamp6,430,441,496,508
qtb_46.jpg,700,700,stamp5,463,67,518,122
qtb_46.jpg,700,700,stamp4,154,272,189,308
qtb_46.jpg,700,700,stamp3,311,244,371,305
qtb_46.jpg,700,700,stamp2,175,567,221,612
qtb_46.jpg,700,700,stamp12,283,456,362,536
qtb_46.jpg,700,700,stamp11,159,524,212,580
qtb_46.jpg,700,700,stamp10,362,456,430,534
qtb_46.jpg,700,700,stamp1,54,170,138,260
qtb_47.jpg,700,700,stamp8,442,182,546,280
qtb_47.jpg,700,700,stamp7,278,67,334,130
qtb_47.jpg,700,700,stamp6,304,14,335,45
qtb_47.jpg,700,700,stamp5,422,646,454,678
qtb_47.jpg,700,700,stamp4,480,504,529,553
qtb_47.jpg,700,700,stamp3,168,479,203,513
qtb_47.jpg,700,700,stamp2,415,572,489,646
qtb_47.jpg,700,700,stamp12,581,89,622,130
qtb_47.jpg,700,700,stamp11,417,622,481,694
qtb_47.jpg,700,700,stamp10,263,394,339,464
qtb_47.jpg,700,700,stamp1,196,103,239,145
qtb_48.jpg,700,700,stamp8,425,542,464,578
qtb_48.jpg,700,700,stamp7,414,147,486,230
qtb_48.jpg,700,700,stamp6,252,370,310,429
qtb_48.jpg,700,700,stamp5,491,415,527,451
qtb_48.jpg,700,700,stamp4,33,376,75,418
qtb_48.jpg,700,700,stamp3,289,52,370,132
qtb_48.jpg,700,700,stamp2,341,395,439,494
qtb_48.jpg,700,700,stamp12,501,498,608,606
qtb_48.jpg,700,700,stamp11,364,382,444,458
qtb_48.jpg,700,700,stamp10,464,61,543,136
qtb_48.jpg,700,700,stamp1,188,261,257,333
qtb_49.jpg,700,700,stamp8,39,298,85,339
qtb_49.jpg,700,700,stamp7,370,254,435,312
qtb_49.jpg,700,700,stamp6,258,96,332,170
qtb_49.jpg,700,700,stamp5,517,353,560,395
qtb_49.jpg,700,700,stamp4,584,354,644,414
qtb_49.jpg,700,700,stamp3,219,31,314,126
qtb_49.jpg,700,700,stamp2,474,171,574,272
qtb_49.jpg,700,700,stamp12,206,463,268,525
qtb_49.jpg,700,700,stamp11,169,557,251,627
qtb_49.jpg,700,700,stamp10,277,182,334,245
qtb_49.jpg,700,700,stamp1,122,359,162,397
qtb_50.jpg,700,700,stamp8,423,415,492,492
qtb_50.jpg,700,700,stamp7,424,581,474,626
qtb_50.jpg,700,700,stamp6,43,100,103,160
qtb_50.jpg,700,700,stamp5,234,293,314,374
qtb_50.jpg,700,700,stamp4,595,136,668,209
qtb_50.jpg,700,700,stamp3,585,358,643,415
qtb_50.jpg,700,700,stamp2,450,494,489,533
qtb_50.jpg,700,700,stamp12,452,107,506,161
qtb_50.jpg,700,700,stamp11,394,422,490,519
qtb_50.jpg,700,700,stamp10,441,87,511,150
qtb_50.jpg,700,700,stamp1,8,533,63,585
qtb_51.jpg,700,700,stamp8,148,496,177,529
qtb_51.jpg,700,700,stamp7,63,365,120,428
qtb_51.jpg,700,700,stamp6,164,448,249,533
qtb_51.jpg,700,700,stamp5,4,407,104,508
qtb_51.jpg,700,700,stamp4,350,586,407,642
qtb_51.jpg,700,700,stamp3,523,143,608,228
qtb_51.jpg,700,700,stamp2,431,572,493,635
qtb_51.jpg,700,700,stamp12,61,438,113,490
qtb_51.jpg,700,700,stamp11,369,299,430,357
qtb_51.jpg,700,700,stamp10,304,591,377,662
qtb_51.jpg,700,700,stamp1,463,598,525,660
qtb_52.jpg,700,700,stamp8,566,217,609,262
qtb_52.jpg,700,700,stamp7,465,111,543,180
qtb_52.jpg,700,700,stamp6,494,105,537,148
qtb_52.jpg,700,700,stamp5,578,483,646,552
qtb_52.jpg,700,700,stamp4,394,466,479,550
qtb_52.jpg,700,700,stamp3,562,161,606,204
qtb_52.jpg,700,700,stamp2,341,337,395,390
qtb_52.jpg,700,700,stamp12,364,287,402,325
qtb_52.jpg,700,700,stamp11,100,553,161,616
qtb_52.jpg,700,700,stamp10,384,353,421,394
qtb_52.jpg,700,700,stamp1,318,509,407,597
qtb_53.jpg,700,700,stamp8,198,183,244,232
qtb_53.jpg,700,700,stamp7,354,578,415,645
qtb_53.jpg,700,700,stamp6,79,326,162,409
qtb_53.jpg,700,700,stamp5,193,546,282,635
qtb_53.jpg,700,700,stamp4,69,462,152,545
qtb_53.jpg,700,700,stamp3,31,414,125,507
qtb_53.jpg,700,700,stamp2,249,469,276,497
qtb_53.jpg,700,700,stamp12,194,563,262,631
qtb_53.jpg,700,700,stamp11,415,550,516,647
qtb_53.jpg,700,700,stamp10,155,303,219,363
qtb_53.jpg,700,700,stamp1,420,124,455,157
qtb_54.jpg,700,700,stamp8,360,266,446,342
qtb_54.jpg,700,700,stamp7,175,196,234,247
qtb_54.jpg,700,700,stamp6,361,328,421,388
qtb_54.jpg,700,700,stamp5,172,24,247,100
qtb_54.jpg,700,700,stamp4,584,305,652,373
qtb_54.jpg,700,700,stamp3,159,356,197,394
qtb_54.jpg,700,700,stamp2,355,150,434,228
qtb_54.jpg,700,700,stamp12,488,549,579,640
qtb_54.jpg,700,700,stamp11,285,557,360,631
qtb_54.jpg,700,700,stamp10,563,114,615,165
qtb_54.jpg,700,700,stamp1,287,10,343,70
qtb_55.jpg,700,700,stamp8,446,414,510,474
qtb_55.jpg,700,700,stamp7,156,213,242,306
qtb_55.jpg,700,700,stamp6,515,531,589,605
qtb_55.jpg,700,700,stamp5,195,512,300,617
qtb_55.jpg,700,700,stamp4,186,434,286,535
qtb_55.jpg,700,700,stamp3,167,148,198,179
qtb_55.jpg,700,700,stamp2,334,138,379,183
qtb_55.jpg,700,700,stamp12,572,542,610,580
qtb_55.jpg,700,700,stamp11,467,46,564,140
qtb_55.jpg,700,700,stamp10,351,524,412,580
qtb_55.jpg,700,700,stamp1,120,485,217,580
qtb_56.jpg,700,700,stamp8,396,37,443,91
qtb_56.jpg,700,700,stamp7,433,605,473,648
qtb_56.jpg,700,700,stamp6,242,363,278,399
qtb_56.jpg,700,700,stamp5,565,368,611,414
qtb_56.jpg,700,700,stamp4,155,384,211,440
qtb_56.jpg,700,700,stamp3,316,381,405,470
qtb_56.jpg,700,700,stamp2,462,137,508,183
qtb_56.jpg,700,700,stamp12,19,354,92,427
qtb_56.jpg,700,700,stamp11,496,31,546,81
qtb_56.jpg,700,700,stamp10,439,518,489,567
qtb_56.jpg,700,700,stamp1,204,80,249,124
qtb_57.jpg,700,700,stamp8,355,125,415,186
qtb_57.jpg,700,700,stamp7,254,295,321,361
qtb_57.jpg,700,700,stamp6,486,499,584,597
qtb_57.jpg,700,700,stamp5,557,100,625,168
qtb_57.jpg,700,700,stamp4,161,123,201,164
qtb_57.jpg,700,700,stamp3,118,114,159,154
qtb_57.jpg,700,700,stamp2,80,487,176,584
qtb_57.jpg,700,700,stamp12,261,417,291,448
qtb_57.jpg,700,700,stamp11,99,173,175,247
qtb_57.jpg,700,700,stamp10,55,236,101,276
qtb_57.jpg,700,700,stamp1,536,20,589,74
qtb_58.jpg,700,700,stamp8,237,513,290,573
qtb_58.jpg,700,700,stamp7,517,323,610,413
qtb_58.jpg,700,700,stamp6,444,562,499,617
qtb_58.jpg,700,700,stamp5,502,216,562,276
qtb_58.jpg,700,700,stamp4,218,348,274,405
qtb_58.jpg,700,700,stamp3,21,167,108,254
qtb_58.jpg,700,700,stamp2,167,102,213,149
qtb_58.jpg,700,700,stamp12,450,621,524,695
qtb_58.jpg,700,700,stamp11,206,609,247,648
qtb_58.jpg,700,700,stamp10,301,184,410,290
qtb_58.jpg,700,700,stamp1,596,196,650,250
qtb_59.jpg,700,700,stamp8,129,591,177,638
qtb_59.jpg,700,700,stamp7,215,428,313,531
qtb_59.jpg,700,700,stamp6,471,511,557,598
qtb_59.jpg,700,700,stamp5,361,506,413,558
qtb_59.jpg,700,700,stamp4,442,28,549,134
qtb_59.jpg,700,700,stamp3,437,604,488,654
qtb_59.jpg,700,700,stamp2,125,289,222,386
qtb_59.jpg,700,700,stamp12,251,350,325,425
qtb_59.jpg,700,700,stamp11,554,246,609,295
qtb_59.jpg,700,700,stamp10,31,353,92,414
qtb_59.jpg,700,700,stamp1,106,607,160,662
qtb_60.jpg,700,700,stamp8,362,41,436,119
qtb_60.jpg,700,700,stamp7,62,270,135,334
qtb_60.jpg,700,700,stamp6,409,597,479,668
qtb_60.jpg,700,700,stamp5,205,545,295,635
qtb_60.jpg,700,700,stamp4,430,278,480,328
qtb_60.jpg,700,700,stamp3,94,26,171,103
qtb_60.jpg,700,700,stamp2,296,519,333,556
qtb_60.jpg,700,700,stamp12,24,378,104,458
qtb_60.jpg,700,700,stamp11,440,512,514,585
qtb_60.jpg,700,700,stamp10,190,317,260,393
qtb_60.jpg,700,700,stamp1,330,173,390,237
qtb_61.jpg,700,700,stamp8,295,99,354,152
qtb_61.jpg,700,700,stamp7,335,171,393,237
qtb_61.jpg,700,700,stamp6,18,122,60,164
qtb_61.jpg,700,700,stamp5,254,391,330,467
qtb_61.jpg,700,700,stamp4,468,414,540,487
qtb_61.jpg,700,700,stamp3,81,537,111,567
qtb_61.jpg,700,700,stamp2,424,404,492,471
qtb_61.jpg,700,700,stamp12,482,101,530,150
qtb_61.jpg,700,700,stamp11,550,459,604,521
qtb_61.jpg,700,700,stamp10,13,596,57,637
qtb_61.jpg,700,700,stamp1,466,66,520,125
qtb_62.jpg,700,700,stamp8,282,369,370,450
qtb_62.jpg,700,700,stamp7,70,27,158,117
qtb_62.jpg,700,700,stamp6,334,614,376,656
qtb_62.jpg,700,700,stamp5,636,351,676,391
qtb_62.jpg,700,700,stamp4,87,406,174,493
qtb_62.jpg,700,700,stamp3,403,497,481,574
qtb_62.jpg,700,700,stamp2,309,77,351,120
qtb_62.jpg,700,700,stamp12,514,412,602,500
qtb_62.jpg,700,700,stamp11,133,86,190,152
qtb_62.jpg,700,700,stamp10,285,235,349,291
qtb_62.jpg,700,700,stamp1,561,35,610,85
qtb_63.jpg,700,700,stamp8,213,472,256,520
qtb_63.jpg,700,700,stamp7,546,246,587,289
qtb_63.jpg,700,700,stamp6,505,180,554,230
qtb_63.jpg,700,700,stamp5,422,329,513,420
qtb_63.jpg,700,700,stamp4,186,14,237,66
qtb_63.jpg,700,700,stamp3,529,334,589,394
qtb_63.jpg,700,700,stamp2,401,548,470,617
qtb_63.jpg,700,700,stamp12,435,296,502,363
qtb_63.jpg,700,700,stamp11,267,522,339,593
qtb_63.jpg,700,700,stamp10,442,416,490,466
qtb_63.jpg,700,700,stamp1,264,179,301,215
qtb_64.jpg,700,700,stamp8,0,178,48,229
qtb_64.jpg,700,700,stamp7,321,356,358,389
qtb_64.jpg,700,700,stamp6,229,341,291,404
qtb_64.jpg,700,700,stamp5,275,432,339,496
qtb_64.jpg,700,700,stamp4,393,107,460,174
qtb_64.jpg,700,700,stamp3,333,112,401,179
qtb_64.jpg,700,700,stamp2,572,593,636,657
qtb_64.jpg,700,700,stamp12,382,513,441,572
qtb_64.jpg,700,700,stamp11,596,333,631,371
qtb_64.jpg,700,700,stamp10,467,7,515,53
qtb_64.jpg,700,700,stamp1,586,560,637,611
qtb_65.jpg,700,700,stamp8,630,206,698,269
qtb_65.jpg,700,700,stamp7,406,643,446,680
qtb_65.jpg,700,700,stamp6,322,491,362,531
qtb_65.jpg,700,700,stamp5,96,106,125,134
qtb_65.jpg,700,700,stamp4,419,199,488,268
qtb_65.jpg,700,700,stamp3,198,314,287,403
qtb_65.jpg,700,700,stamp2,435,89,513,168
qtb_65.jpg,700,700,stamp12,59,130,164,235
qtb_65.jpg,700,700,stamp11,464,232,510,278
qtb_65.jpg,700,700,stamp10,210,103,319,208
qtb_65.jpg,700,700,stamp1,557,214,634,290
qtb_66.jpg,700,700,stamp8,506,357,581,429
qtb_66.jpg,700,700,stamp7,262,311,336,392
qtb_66.jpg,700,700,stamp6,53,85,150,181
qtb_66.jpg,700,700,stamp5,451,478,531,558
qtb_66.jpg,700,700,stamp4,284,360,350,425
qtb_66.jpg,700,700,stamp3,268,461,356,548
qtb_66.jpg,700,700,stamp2,243,204,304,267
qtb_66.jpg,700,700,stamp12,286,373,355,442
qtb_66.jpg,700,700,stamp11,27,222,122,312
qtb_66.jpg,700,700,stamp10,330,65,437,172
qtb_66.jpg,700,700,stamp1,187,81,257,155
qtb_67.jpg,700,700,stamp8,146,388,196,436
qtb_67.jpg,700,700,stamp7,575,424,621,475
qtb_67.jpg,700,700,stamp6,478,457,584,564
qtb_67.jpg,700,700,stamp5,403,540,475,612
qtb_67.jpg,700,700,stamp4,234,404,292,463
qtb_67.jpg,700,700,stamp3,518,370,549,401
qtb_67.jpg,700,700,stamp2,395,491,476,572
qtb_67.jpg,700,700,stamp12,164,179,232,248
qtb_67.jpg,700,700,stamp11,502,527,594,612
qtb_67.jpg,700,700,stamp10,600,162,644,204
qtb_67.jpg,700,700,stamp1,292,191,340,239
qtb_68.jpg,700,700,stamp8,588,190,647,254
qtb_68.jpg,700,700,stamp7,386,493,466,573
qtb_68.jpg,700,700,stamp6,259,132,305,178
qtb_68.jpg,700,700,stamp5,223,275,254,307
qtb_68.jpg,700,700,stamp4,480,46,526,92
qtb_68.jpg,700,700,stamp3,267,61,312,106
qtb_68.jpg,700,700,stamp2,349,243,406,300
qtb_68.jpg,700,700,stamp12,564,283,603,322
qtb_68.jpg,700,700,stamp11,519,539,588,615
qtb_68.jpg,700,700,stamp10,490,332,588,421
qtb_68.jpg,700,700,stamp1,246,157,343,258
qtb_69.jpg,700,700,stamp8,253,454,333,532
qtb_69.jpg,700,700,stamp7,528,45,620,128
qtb_69.jpg,700,700,stamp6,449,233,511,296
qtb_69.jpg,700,700,stamp5,434,321,490,376
qtb_69.jpg,700,700,stamp4,325,160,385,220
qtb_69.jpg,700,700,stamp3,145,83,183,121
qtb_69.jpg,700,700,stamp2,188,122,241,175
qtb_69.jpg,700,700,stamp12,526,116,592,182
qtb_69.jpg,700,700,stamp11,220,71,317,171
qtb_69.jpg,700,700,stamp10,93,220,125,255
qtb_69.jpg,700,700,stamp1,399,36,476,115
qtb_70.jpg,700,700,stamp8,304,240,406,343
qtb_70.jpg,700,700,stamp7,430,373,465,405
qtb_70.jpg,700,700,stamp6,254,549,312,606
qtb_70.jpg,700,700,stamp5,213,515,257,559
qtb_70.jpg,700,700,stamp4,262,266,365,369
qtb_70.jpg,700,700,stamp3,157,244,246,333
qtb_70.jpg,700,700,stamp2,288,436,386,533
qtb_70.jpg,700,700,stamp12,329,231,385,286
qtb_70.jpg,700,700,stamp11,172,464,241,524
qtb_70.jpg,700,700,stamp10,339,34,394,93
qtb_70.jpg,700,700,stamp1,204,126,304,221
qtb_71.jpg,700,700,stamp8,441,582,495,632
qtb_71.jpg,700,700,stamp7,411,276,502,368
qtb_71.jpg,700,700,stamp6,400,370,441,410
qtb_71.jpg,700,700,stamp5,460,400,519,460
qtb_71.jpg,700,700,stamp4,20,339,69,388
qtb_71.jpg,700,700,stamp3,553,256,635,338
qtb_71.jpg,700,700,stamp2,559,248,656,346
qtb_71.jpg,700,700,stamp12,57,118,106,166
qtb_71.jpg,700,700,stamp11,143,531,189,577
qtb_71.jpg,700,700,stamp10,47,347,102,407
qtb_71.jpg,700,700,stamp1,545,393,619,465
qtb_72.jpg,700,700,stamp8,229,466,281,516
qtb_72.jpg,700,700,stamp7,205,163,266,229
qtb_72.jpg,700,700,stamp6,260,475,309,524
qtb_72.jpg,700,700,stamp5,207,546,273,613
qtb_72.jpg,700,700,stamp4,470,122,556,209
qtb_72.jpg,700,700,stamp3,380,298,453,372
qtb_72.jpg,700,700,stamp2,77,442,108,472
qtb_72.jpg,700,700,stamp12,579,462,642,525
qtb_72.jpg,700,700,stamp11,69,45,174,156
qtb_72.jpg,700,700,stamp10,571,231,638,304
qtb_72.jpg,700,700,stamp1,300,601,337,640
qtb_73.jpg,700,700,stamp8,112,236,187,319
qtb_73.jpg,700,700,stamp7,246,13,349,119
qtb_73.jpg,700,700,stamp6,235,244,340,350
qtb_73.jpg,700,700,stamp5,481,95,536,150
qtb_73.jpg,700,700,stamp4,457,26,523,92
qtb_73.jpg,700,700,stamp3,138,345,228,435
qtb_73.jpg,700,700,stamp2,347,568,447,668
qtb_73.jpg,700,700,stamp12,205,230,245,270
qtb_73.jpg,700,700,stamp11,513,550,573,619
qtb_73.jpg,700,700,stamp10,26,453,107,543
qtb_73.jpg,700,700,stamp1,334,370,412,455
qtb_74.jpg,700,700,stamp8,294,206,330,246
qtb_74.jpg,700,700,stamp7,152,10,240,86
qtb_74.jpg,700,700,stamp6,138,424,179,465
qtb_74.jpg,700,700,stamp5,259,79,314,134
qtb_74.jpg,700,700,stamp4,99,83,189,174
qtb_74.jpg,700,700,stamp3,453,87,553,186
qtb_74.jpg,700,700,stamp2,178,175,239,235
qtb_74.jpg,700,700,stamp12,60,521,101,563
qtb_74.jpg,700,700,stamp11,313,379,376,446
qtb_74.jpg,700,700,stamp10,484,14,550,81
qtb_74.jpg,700,700,stamp1,237,369,322,457
qtb_75.jpg,700,700,stamp8,391,189,487,288
qtb_75.jpg,700,700,stamp7,320,265,426,371
qtb_75.jpg,700,700,stamp6,18,224,80,286
qtb_75.jpg,700,700,stamp5,287,125,363,201
qtb_75.jpg,700,700,stamp4,369,464,440,535
qtb_75.jpg,700,700,stamp3,584,474,644,534
qtb_75.jpg,700,700,stamp2,335,204,405,274
qtb_75.jpg,700,700,stamp12,265,182,364,280
qtb_75.jpg,700,700,stamp11,600,218,658,272
qtb_75.jpg,700,700,stamp10,55,29,156,129
qtb_75.jpg,700,700,stamp1,57,92,155,194
qtb_76.jpg,700,700,stamp8,249,549,332,636
qtb_76.jpg,700,700,stamp7,448,513,543,601
qtb_76.jpg,700,700,stamp6,615,438,687,510
qtb_76.jpg,700,700,stamp5,116,298,194,376
qtb_76.jpg,700,700,stamp4,444,419,513,488
qtb_76.jpg,700,700,stamp3,317,285,364,332
qtb_76.jpg,700,700,stamp2,395,253,463,323
qtb_76.jpg,700,700,stamp12,476,459,514,497
qtb_76.jpg,700,700,stamp11,528,509,639,618
qtb_76.jpg,700,700,stamp10,129,53,179,105
qtb_76.jpg,700,700,stamp1,237,458,296,518
qtb_77.jpg,700,700,stamp8,226,272,308,346
qtb_77.jpg,700,700,stamp7,57,212,144,301
qtb_77.jpg,700,700,stamp6,485,57,524,96
qtb_77.jpg,700,700,stamp5,229,486,268,525
qtb_77.jpg,700,700,stamp4,518,9,591,83
qtb_77.jpg,700,700,stamp3,212,174,300,262
qtb_77.jpg,700,700,stamp2,250,364,293,406
qtb_77.jpg,700,700,stamp12,187,360,267,441
qtb_77.jpg,700,700,stamp11,504,447,610,550
qtb_77.jpg,700,700,stamp10,359,470,442,554
qtb_77.jpg,700,700,stamp1,103,86,159,145
qtb_78.jpg,700,700,stamp8,270,224,367,325
qtb_78.jpg,700,700,stamp7,221,348,325,445
qtb_78.jpg,700,700,stamp6,233,216,318,301
qtb_78.jpg,700,700,stamp5,9,307,53,351
qtb_78.jpg,700,700,stamp4,3,206,84,287
qtb_78.jpg,700,700,stamp3,33,131,116,214
qtb_78.jpg,700,700,stamp2,410,615,459,664
qtb_78.jpg,700,700,stamp12,281,519,333,571
qtb_78.jpg,700,700,stamp11,47,164,135,246
qtb_78.jpg,700,700,stamp10,517,13,613,114
qtb_78.jpg,700,700,stamp1,81,570,129,622
qtb_79.jpg,700,700,stamp8,420,431,468,478
qtb_79.jpg,700,700,stamp7,374,356,444,424
qtb_79.jpg,700,700,stamp6,17,258,101,341
qtb_79.jpg,700,700,stamp5,532,8,576,52
qtb_79.jpg,700,700,stamp4,443,264,494,315
qtb_79.jpg,700,700,stamp3,197,212,261,276
qtb_79.jpg,700,700,stamp2,595,300,661,367
qtb_79.jpg,700,700,stamp12,70,524,128,581
qtb_79.jpg,700,700,stamp11,420,462,491,540
qtb_79.jpg,700,700,stamp10,467,298,546,377
qtb_79.jpg,700,700,stamp1,46,500,97,548
qtb_80.jpg,700,700,stamp8,274,195,319,239
qtb_80.jpg,700,700,stamp7,263,471,370,578
qtb_80.jpg,700,700,stamp6,60,602,145,687
qtb_80.jpg,700,700,stamp5,531,114,590,173
qtb_80.jpg,700,700,stamp4,605,5,642,42
qtb_80.jpg,700,700,stamp3,212,299,307,394
qtb_80.jpg,700,700,stamp2,319,39,360,81
qtb_80.jpg,700,700,stamp12,496,263,575,342
qtb_80.jpg,700,700,stamp11,18,399,120,494
qtb_80.jpg,700,700,stamp10,347,604,399,657
qtb_80.jpg,700,700,stamp1,420,120,472,173
qtb_81.jpg,700,700,stamp8,515,638,565,688
qtb_81.jpg,700,700,stamp7,100,521,148,565
qtb_81.jpg,700,700,stamp6,541,27,627,113
qtb_81.jpg,700,700,stamp5,232,327,316,411
qtb_81.jpg,700,700,stamp4,250,518,318,586
qtb_81.jpg,700,700,stamp3,226,15,256,45
qtb_81.jpg,700,700,stamp2,377,526,419,567
qtb_81.jpg,700,700,stamp12,33,237,113,317
qtb_81.jpg,700,700,stamp11,573,555,671,650
qtb_81.jpg,700,700,stamp10,169,343,282,452
qtb_81.jpg,700,700,stamp1,212,543,285,619
qtb_82.jpg,700,700,stamp8,514,466,609,554
qtb_82.jpg,700,700,stamp7,233,214,316,308
qtb_82.jpg,700,700,stamp6,292,450,330,488
qtb_82.jpg,700,700,stamp5,241,67,318,143
qtb_82.jpg,700,700,stamp4,463,411,527,474
qtb_82.jpg,700,700,stamp3,320,170,360,210
qtb_82.jpg,700,700,stamp2,241,367,309,435
qtb_82.jpg,700,700,stamp12,188,65,278,155
qtb_82.jpg,700,700,stamp11,417,621,482,693
qtb_82.jpg,700,700,stamp10,412,377,503,457
qtb_82.jpg,700,700,stamp1,502,142,544,183
qtb_83.jpg,700,700,stamp8,454,118,537,199
qtb_83.jpg,700,700,stamp7,330,562,443,675
qtb_83.jpg,700,700,stamp6,433,315,503,385
qtb_83.jpg,700,700,stamp5,192,423,255,485
qtb_83.jpg,700,700,stamp4,505,609,572,676
qtb_83.jpg,700,700,stamp3,418,143,518,243
qtb_83.jpg,700,700,stamp2,506,633,544,671
qtb_83.jpg,700,700,stamp12,344,89,449,195
qtb_83.jpg,700,700,stamp11,44,425,145,518
qtb_83.jpg,700,700,stamp10,237,148,311,216
qtb_83.jpg,700,700,stamp1,31,112,133,213
qtb_84.jpg,700,700,stamp8,571,77,658,164
qtb_84.jpg,700,700,stamp7,204,185,253,236
qtb_84.jpg,700,700,stamp6,516,468,597,549
qtb_84.jpg,700,700,stamp5,311,438,375,502
qtb_84.jpg,700,700,stamp4,28,53,92,117
qtb_84.jpg,700,700,stamp3,129,250,220,341
qtb_84.jpg,700,700,stamp2,435,226,473,265
qtb_84.jpg,700,700,stamp12,186,151,291,256
qtb_84.jpg,700,700,stamp11,42,184,109,260
qtb_84.jpg,700,700,stamp10,203,430,293,511
qtb_84.jpg,700,700,stamp1,266,543,363,642
qtb_85.jpg,700,700,stamp8,639,325,688,377
qtb_85.jpg,700,700,stamp7,203,261,272,333
qtb_85.jpg,700,700,stamp6,453,346,545,439
qtb_85.jpg,700,700,stamp5,223,342,289,408
qtb_85.jpg,700,700,stamp4,94,281,162,349
qtb_85.jpg,700,700,stamp3,228,573,285,630
qtb_85.jpg,700,700,stamp2,512,37,596,122
qtb_85.jpg,700,700,stamp12,99,9,192,102
qtb_85.jpg,700,700,stamp11,261,304,318,364
qtb_85.jpg,700,700,stamp10,371,271,477,372
qtb_85.jpg,700,700,stamp1,390,82,428,121
qtb_86.jpg,700,700,stamp8,5,428,55,480
qtb_86.jpg,700,700,stamp7,467,52,560,135
qtb_86.jpg,700,700,stamp6,171,528,263,620
qtb_86.jpg,700,700,stamp5,141,626,198,684
qtb_86.jpg,700,700,stamp4,131,566,202,637
qtb_86.jpg,700,700,stamp3,318,149,368,199
qtb_86.jpg,700,700,stamp2,191,490,247,546
qtb_86.jpg,700,700,stamp12,154,70,228,144
qtb_86.jpg,700,700,stamp11,358,404,397,446
qtb_86.jpg,700,700,stamp10,54,623,103,668
qtb_86.jpg,700,700,stamp1,496,17,571,92
qtb_87.jpg,700,700,stamp8,120,454,206,533
qtb_87.jpg,700,700,stamp7,75,252,141,316
qtb_87.jpg,700,700,stamp6,252,63,332,143
qtb_87.jpg,700,700,stamp5,326,466,381,522
qtb_87.jpg,700,700,stamp4,555,317,615,377
qtb_87.jpg,700,700,stamp3,122,230,172,280
qtb_87.jpg,700,700,stamp2,66,168,142,246
qtb_87.jpg,700,700,stamp12,191,356,286,451
qtb_87.jpg,700,700,stamp11,203,345,272,420
qtb_87.jpg,700,700,stamp10,148,236,192,279
qtb_87.jpg,700,700,stamp1,431,635,487,693
qtb_88.jpg,700,700,stamp8,303,32,355,86
qtb_88.jpg,700,700,stamp7,266,172,342,261
qtb_88.jpg,700,700,stamp6,319,186,406,272
qtb_88.jpg,700,700,stamp5,396,10,443,57
qtb_88.jpg,700,700,stamp4,617,587,679,649
qtb_88.jpg,700,700,stamp3,578,103,655,180
qtb_88.jpg,700,700,stamp2,390,411,462,482
qtb_88.jpg,700,700,stamp12,626,594,659,626
qtb_88.jpg,700,700,stamp11,241,438,287,479
qtb_88.jpg,700,700,stamp10,170,537,263,623
qtb_88.jpg,700,700,stamp1,133,359,193,420
qtb_89.jpg,700,700,stamp8,18,524,132,636
qtb_89.jpg,700,700,stamp7,231,348,303,419
qtb_89.jpg,700,700,stamp6,321,208,398,285
qtb_89.jpg,700,700,stamp5,397,209,488,299
qtb_89.jpg,700,700,stamp4,492,202,533,242
qtb_89.jpg,700,700,stamp3,286,413,338,465
qtb_89.jpg,700,700,stamp2,418,245,504,331
qtb_89.jpg,700,700,stamp12,208,572,280,643
qtb_89.jpg,700,700,stamp11,405,149,481,224
qtb_89.jpg,700,700,stamp10,443,429,549,532
qtb_89.jpg,700,700,stamp1,206,165,248,210
qtb_90.jpg,700,700,stamp8,101,12,178,89
qtb_90.jpg,700,700,stamp7,341,48,407,106
qtb_90.jpg,700,700,stamp6,368,602,443,676
qtb_90.jpg,700,700,stamp5,171,83,208,120
qtb_90.jpg,700,700,stamp4,532,182,602,252
qtb_90.jpg,700,700,stamp3,81,409,119,448
qtb_90.jpg,700,700,stamp2,410,1,496,87
qtb_90.jpg,700,700,stamp12,507,499,568,559
qtb_90.jpg,700,700,stamp11,400,306,452,363
qtb_90.jpg,700,700,stamp10,260,417,315,464
qtb_90.jpg,700,700,stamp1,303,531,393,622
qtb_91.jpg,700,700,stamp8,130,341,196,408
qtb_91.jpg,700,700,stamp7,387,432,453,506
qtb_91.jpg,700,700,stamp6,183,368,260,445
qtb_91.jpg,700,700,stamp5,268,40,342,114
qtb_91.jpg,700,700,stamp4,534,74,628,167
qtb_91.jpg,700,700,stamp3,30,314,87,371
qtb_91.jpg,700,700,stamp2,266,328,360,423
qtb_91.jpg,700,700,stamp12,129,330,193,393
qtb_91.jpg,700,700,stamp11,234,234,278,286
qtb_91.jpg,700,700,stamp10,119,422,157,463
qtb_91.jpg,700,700,stamp1,236,468,308,534
qtb_92.jpg,700,700,stamp8,35,484,124,563
qtb_92.jpg,700,700,stamp7,26,33,133,134
qtb_92.jpg,700,700,stamp6,588,320,645,377
qtb_92.jpg,700,700,stamp5,107,577,172,642
qtb_92.jpg,700,700,stamp4,548,425,616,492
qtb_92.jpg,700,700,stamp3,228,497,313,582
qtb_92.jpg,700,700,stamp2,146,532,255,641
qtb_92.jpg,700,700,stamp12,231,482,316,567
qtb_92.jpg,700,700,stamp11,443,121,521,200
qtb_92.jpg,700,700,stamp10,337,200,424,294
qtb_92.jpg,700,700,stamp1,175,72,277,170
qtb_93.jpg,700,700,stamp8,144,465,235,557
qtb_93.jpg,700,700,stamp7,284,93,325,140
qtb_93.jpg,700,700,stamp6,188,189,251,253
qtb_93.jpg,700,700,stamp5,180,0,268,88
qtb_93.jpg,700,700,stamp4,124,56,200,132
qtb_93.jpg,700,700,stamp3,500,543,586,628
qtb_93.jpg,700,700,stamp2,642,379,684,420
qtb_93.jpg,700,700,stamp12,232,97,285,150
qtb_93.jpg,700,700,stamp11,445,548,513,620
qtb_93.jpg,700,700,stamp10,594,354,669,439
qtb_93.jpg,700,700,stamp1,475,188,558,269
qtb_94.jpg,700,700,stamp8,519,258,564,303
qtb_94.jpg,700,700,stamp7,375,24,487,137
qtb_94.jpg,700,700,stamp6,186,556,236,606
qtb_94.jpg,700,700,stamp5,61,222,158,318
qtb_94.jpg,700,700,stamp4,523,465,587,528
qtb_94.jpg,700,700,stamp3,615,71,652,107
qtb_94.jpg,700,700,stamp2,327,501,367,541
qtb_94.jpg,700,700,stamp12,17,408,113,504
qtb_94.jpg,700,700,stamp11,571,545,610,582
qtb_94.jpg,700,700,stamp10,455,355,539,444
qtb_94.jpg,700,700,stamp1,154,155,256,255
qtb_95.jpg,700,700,stamp8,438,533,504,596
qtb_95.jpg,700,700,stamp7,343,330,432,412
qtb_95.jpg,700,700,stamp6,28,318,91,381
qtb_95.jpg,700,700,stamp5,356,76,459,178
qtb_95.jpg,700,700,stamp4,356,397,405,446
qtb_95.jpg,700,700,stamp3,563,549,613,598
qtb_95.jpg,700,700,stamp2,365,132,421,189
qtb_95.jpg,700,700,stamp12,427,72,489,135
qtb_95.jpg,700,700,stamp11,490,89,555,154
qtb_95.jpg,700,700,stamp10,296,183,346,238
qtb_95.jpg,700,700,stamp1,325,419,367,460
qtb_96.jpg,700,700,stamp8,583,162,624,200
qtb_96.jpg,700,700,stamp7,554,225,625,287
qtb_96.jpg,700,700,stamp6,112,25,160,73
qtb_96.jpg,700,700,stamp5,358,530,449,621
qtb_96.jpg,700,700,stamp4,99,164,182,247
qtb_96.jpg,700,700,stamp3,132,91,172,131
qtb_96.jpg,700,700,stamp2,393,54,463,124
qtb_96.jpg,700,700,stamp12,517,11,583,78
qtb_96.jpg,700,700,stamp11,496,533,572,604
qtb_96.jpg,700,700,stamp10,453,106,547,196
qtb_96.jpg,700,700,stamp1,449,178,551,281
qtb_97.jpg,700,700,stamp8,392,463,462,530
qtb_97.jpg,700,700,stamp7,496,123,606,239
qtb_97.jpg,700,700,stamp6,570,266,632,327
qtb_97.jpg,700,700,stamp5,591,519,675,603
qtb_97.jpg,700,700,stamp4,410,524,493,607
qtb_97.jpg,700,700,stamp3,311,94,374,158
qtb_97.jpg,700,700,stamp2,325,418,364,456
qtb_97.jpg,700,700,stamp12,16,273,124,381
qtb_97.jpg,700,700,stamp11,469,398,575,498
qtb_97.jpg,700,700,stamp10,117,104,179,175
qtb_97.jpg,700,700,stamp1,410,381,483,455
qtb_98.jpg,700,700,stamp8,421,445,507,535
qtb_98.jpg,700,700,stamp7,12,325,89,402
qtb_98.jpg,700,700,stamp6,493,552,585,644
qtb_98.jpg,700,700,stamp5,505,586,580,660
qtb_98.jpg,700,700,stamp4,73,148,113,188
qtb_98.jpg,700,700,stamp3,459,494,505,540
qtb_98.jpg,700,700,stamp2,6,83,62,140
qtb_98.jpg,700,700,stamp12,475,282,567,374
qtb_98.jpg,700,700,stamp11,309,541,366,604
qtb_98.jpg,700,700,stamp10,407,385,505,473
qtb_98.jpg,700,700,stamp1,290,485,383,580
qtb_99.jpg,700,700,stamp8,319,12,366,56
qtb_99.jpg,700,700,stamp7,240,277,304,340
qtb_99.jpg,700,700,stamp6,338,532,372,566
qtb_99.jpg,700,700,stamp5,369,258,402,291
qtb_99.jpg,700,700,stamp4,170,522,218,569
qtb_99.jpg,700,700,stamp3,527,60,571,104
qtb_99.jpg,700,700,stamp2,385,159,476,251
qtb_99.jpg,700,700,stamp12,460,144,533,217
qtb_99.jpg,700,700,stamp11,254,102,333,184
qtb_99.jpg,700,700,stamp10,348,329,432,407
qtb_99.jpg,700,700,stamp1,480,14,572,105
